employee_id,first_name,last_name,age,email,gender,job_title,department,salary,hire_date
1,Clem,Orrey,22,correy0@vistaprint.com,Female,Desktop Support Technician,IT,70255.55,6/14/2014
2,Gray,Male,27,gmale1@so-net.ne.jp,Polygender,Research Associate,HR,87595.01,9/14/2011
3,Friedrick,Muggleton,55,fmuggleton2@fastcompany.com,Male,Legal Assistant,Sales,75627.61,4/20/2015
4,Barty,Giacobini,49,bgiacobini3@sina.com.cn,Male,Marketing Manager,Sales,51255.28,11/24/2010
5,Sly,Deboy,50,sdeboy4@drupal.org,Male,Senior Developer,IT,96122.36,7/29/2014
6,Mayor,Riditch,49,mriditch5@liveinternet.ru,Male,Account Executive,Sales,58351.59,7/2/2016
7,Cordelie,Foote,29,cfoote6@dedecms.com,Female,Nurse,HR,31416.2,11/11/2013
8,Winnie,Hammerich,46,whammerich7@sitemeter.com,Female,Media Manager II,Marketing,51203.72,9/5/2010
9,Lissie,Dunmore,46,ldunmore8@example.com,Female,Registered Nurse,Marketing,58189.18,10/10/2011
10,Margarita,Kemp,23,mkemp9@jimdo.com,Female,Junior Executive,Sales,55101.1,9/23/2018
11,Carol-jean,Matuszkiewicz,38,cmatuszkiewicza@zimbio.com,Agender,Account Coordinator,IT,99935.07,7/21/2016
12,Danella,Johanchon,39,djohanchonb@people.com.cn,Genderqueer,Dental Hygienist,Finance,61618.35,9/15/2011
13,Michale,Drinkall,36,mdrinkallc@earthlink.net,Male,GIS Technical Architect,Marketing,74386.94,2/7/2010
14,Benedict,Bennough,43,bbennoughd@nifty.com,Male,Research Nurse,IT,96521.22,12/10/2014
15,Pyotr,Richmont,46,prichmonte@utexas.edu,Male,Civil Engineer,Sales,93672.72,4/4/2020
16,Tobie,Edgcombe,62,tedgcombef@hibu.com,Male,Statistician I,Sales,30824.76,4/10/2013
17,Odilia,Schustl,63,oschustlg@printfriendly.com,Non-binary,Assistant Professor,HR,46385.17,12/5/2019
18,Erika,Iwanicki,47,eiwanickih@taobao.com,Female,Computer Systems Analyst III,IT,69940.11,8/8/2011
19,Blondell,Brudenell,53,bbrudenelli@reference.com,Female,Biostatistician IV,HR,70841.04,2/8/2012
20,Adham,Brissard,23,abrissardj@google.com.hk,Male,Help Desk Operator,Marketing,74106.08,12/6/2021
21,Vivie,Nasi,47,vnasik@moonfruit.com,Female,Graphic Designer,IT,79722.99,3/13/2019
22,Lucien,Bailes,47,lbailesl@zdnet.com,Male,Senior Cost Accountant,Finance,62232.58,5/5/2016
23,Larry,Vergine,42,lverginem@cafepress.com,Male,Sales Representative,Sales,62665.31,9/17/2017
24,Leo,McOnie,58,lmconien@europa.eu,Genderqueer,Geological Engineer,Finance,68736.07,11/27/2013
25,Celestina,Stennine,54,cstennineo@com.com,Bigender,General Manager,Sales,60853.47,11/28/2010
26,Audy,Stollwerck,63,astollwerckp@gov.uk,Female,General Manager,Finance,98532.09,6/24/2019
27,Iseabal,Shelper,62,ishelperq@reverbnation.com,Non-binary,Geologist II,Marketing,78667.93,7/8/2013
28,Tye,Kersaw,59,tkersawr@google.it,Male,Teacher,HR,93397.8,9/19/2012
29,Joceline,Tredger,54,jtredgers@opera.com,Female,Chief Design Engineer,Finance,38595.56,12/8/2017
30,Charissa,Muriel,36,cmurielt@biblegateway.com,Female,Project Manager,Finance,41540.88,2/11/2016
31,Yettie,Cauderlie,33,ycauderlieu@com.com,Female,Community Outreach Specialist,IT,81118.51,3/5/2010
32,Adel,Taggart,42,ataggartv@w3.org,Female,Operator,Sales,84570.79,6/25/2020
33,Berti,Heijnen,24,bheijnenw@blogger.com,Male,Payment Adjustment Coordinator,IT,78107.19,11/8/2020
34,Francoise,de Najera,55,fdenajerax@imageshack.us,Female,Programmer III,Marketing,54095.22,11/1/2021
35,Hi,Brewster,34,hbrewstery@google.cn,Genderqueer,Nurse Practicioner,Sales,69807.25,9/11/2019
36,Roxy,Ceccoli,50,rceccoliz@wunderground.com,Female,Senior Financial Analyst,HR,84077.88,4/6/2013
37,Pennie,Sired,25,psired10@sakura.ne.jp,Non-binary,Project Manager,Sales,46275.86,1/24/2015
38,Valeda,Lohden,51,vlohden11@washingtonpost.com,Female,Research Associate,Sales,72625.28,3/4/2013
39,Ertha,Restall,65,erestall12@nymag.com,Female,Senior Sales Associate,Sales,91828.01,3/19/2020
40,Marci,Weedon,51,mweedon13@wikispaces.com,Female,Editor,IT,59342.16,3/30/2020
41,Tracey,Mallinson,64,tmallinson14@t-online.de,Female,Marketing Manager,Finance,95233.46,12/24/2018
42,Cordey,Wareing,53,cwareing15@yelp.com,Female,Safety Technician IV,Finance,42227.33,4/21/2017
43,Darrel,Comellini,61,dcomellini16@shinystat.com,Genderfluid,Recruiting Manager,Marketing,40171.63,4/7/2010
44,Martie,Frome,35,mfrome17@csmonitor.com,Male,Assistant Media Planner,IT,67520.95,7/23/2015
45,Elnar,Edgecumbe,45,eedgecumbe18@hhs.gov,Male,Senior Quality Engineer,Finance,54264.08,6/21/2019
46,Courtney,McGiven,27,cmcgiven19@phpbb.com,Male,Software Test Engineer IV,Finance,33687.15,11/19/2014
47,Livvie,Lambourne,47,llambourne1a@nsw.gov.au,Female,Executive Secretary,Marketing,71157.09,5/16/2019
48,Rodolfo,Borgnol,40,rborgnol1b@wisc.edu,Male,Research Associate,Finance,63652.43,6/4/2013
49,Beilul,Weadick,64,bweadick1c@virginia.edu,Female,Accounting Assistant IV,Marketing,45080.55,10/2/2015
50,Donielle,Dumper,54,ddumper1d@lycos.com,Female,Business Systems Development Analyst,Marketing,78336.22,1/14/2017
51,Noach,Drife,58,ndrife1e@clickbank.net,Male,Analyst Programmer,HR,35079.46,5/18/2012
52,Fleming,Farquharson,47,ffarquharson1f@newsvine.com,Male,Environmental Specialist,HR,45843.03,5/1/2012
53,Natasha,Bazylets,52,nbazylets1g@whitehouse.gov,Female,Web Developer I,Finance,69990.71,11/17/2014
54,Wye,Tarbet,37,wtarbet1h@amazon.de,Male,Design Engineer,Marketing,43800.96,2/6/2019
55,Earvin,Mollon,62,emollon1i@hao123.com,Male,Analyst Programmer,Marketing,81378.13,12/26/2014
56,Merrel,Whinray,26,mwhinray1j@geocities.jp,Male,Cost Accountant,Finance,45986.75,6/11/2017
57,Robbi,Kinningley,50,rkinningley1k@baidu.com,Female,Compensation Analyst,Marketing,77888.7,10/7/2020
58,Emmalyn,Coiley,22,ecoiley1l@canalblog.com,Bigender,Project Manager,Finance,85782.88,4/13/2016
59,Kellby,Langwade,31,klangwade1m@skype.com,Male,Computer Systems Analyst III,Marketing,30932.41,10/5/2021
60,Adams,Durrans,42,adurrans1n@mozilla.org,Male,Business Systems Development Analyst,IT,59889.88,3/28/2013
61,Courtenay,Shieldon,65,cshieldon1o@live.com,Female,Assistant Manager,Finance,67863.48,1/30/2015
62,Daria,Jagoe,35,djagoe1p@google.com.br,Female,General Manager,IT,50232.52,3/24/2012
63,Em,Doole,36,edoole1q@123-reg.co.uk,Agender,Structural Analysis Engineer,IT,96988.4,11/29/2017
64,Ardyce,Rossoni,40,arossoni1r@whitehouse.gov,Female,Executive Secretary,Sales,91480.93,6/18/2015
65,Swen,McCully,64,smccully1s@pagesperso-orange.fr,Male,Research Assistant II,IT,97144.71,8/8/2012
66,Salvador,Shackesby,23,sshackesby1t@bizjournals.com,Male,Safety Technician IV,Finance,44880.08,4/16/2015
67,Reider,Gaukroger,37,rgaukroger1u@pagesperso-orange.fr,Non-binary,Environmental Tech,HR,88352.3,4/11/2016
68,Susana,Sherington,43,ssherington1v@fastcompany.com,Bigender,Chemical Engineer,Sales,54706.7,1/4/2010
69,Carlin,Deverill,24,cdeverill1w@webs.com,Male,Senior Cost Accountant,HR,91786.63,10/19/2012
70,Kingsly,Nicklinson,35,knicklinson1x@paypal.com,Male,Web Developer III,Sales,75053.08,8/19/2012
71,Brina,Wanley,39,bwanley1y@deviantart.com,Female,Programmer III,Marketing,48372.19,9/29/2019
72,Tymon,Crinion,21,tcrinion1z@epa.gov,Male,Structural Analysis Engineer,IT,43221.02,7/27/2014
73,Charmion,Figgen,22,cfiggen20@walmart.com,Female,Technical Writer,Sales,73228.1,5/20/2017
74,Rora,Panchin,61,rpanchin21@wunderground.com,Female,Cost Accountant,Sales,67722.18,2/24/2013
75,Leoine,Creeboe,65,lcreeboe22@scribd.com,Non-binary,Community Outreach Specialist,Sales,45780.05,12/13/2019
76,Elsworth,Spellicy,33,espellicy23@1688.com,Male,Cost Accountant,Sales,36378.41,2/7/2016
77,Nelie,Gurg,49,ngurg24@who.int,Female,Office Assistant IV,HR,75635.85,2/6/2021
78,Jenny,Dixey,35,jdixey25@cbc.ca,Female,VP Sales,HR,55867.34,11/26/2011
79,Clayborne,Tarrier,54,ctarrier26@discuz.net,Male,Health Coach IV,Sales,57438.9,9/23/2012
80,Aubrie,Hearson,25,ahearson27@xrea.com,Non-binary,Financial Analyst,Sales,87484.08,10/11/2019
81,Joya,Jako,36,jjako28@examiner.com,Female,Nurse Practicioner,HR,30191.83,1/13/2017
82,Nedi,Grunnell,26,ngrunnell29@fda.gov,Female,Mechanical Systems Engineer,Marketing,53856.76,3/9/2013
83,Randie,Sarl,63,rsarl2a@nasa.gov,Male,VP Sales,HR,56046.59,7/2/2018
84,Effie,Caen,25,ecaen2b@blog.com,Female,Dental Hygienist,Marketing,45894.61,7/3/2011
85,Larine,Biggerdike,34,lbiggerdike2c@webs.com,Female,Nurse Practicioner,HR,72802.29,5/21/2018
86,Keri,Gunda,50,kgunda2d@tinyurl.com,Female,Human Resources Assistant I,HR,49941.66,10/25/2014
87,Ernestus,Done,49,edone2e@ning.com,Male,Media Manager II,Sales,50821.4,12/26/2019
88,Padgett,Bover,25,pbover2f@dyndns.org,Male,Health Coach III,Marketing,78216.24,11/24/2020
89,Aidan,Deluca,34,adeluca2g@yelp.com,Female,Environmental Tech,Marketing,69595.45,8/27/2019
90,Darcee,Paddeley,58,dpaddeley2h@earthlink.net,Female,Staff Accountant I,HR,42460.09,6/14/2011
91,Ignacio,Chevin,22,ichevin2i@gnu.org,Male,General Manager,HR,39882.55,9/17/2018
92,Kylynn,Llewhellin,56,kllewhellin2j@npr.org,Female,Software Consultant,Finance,94507.89,11/3/2021
93,Sayers,Halpine,42,shalpine2k@hostgator.com,Male,Compensation Analyst,Sales,80699.89,10/11/2016
94,Darin,Good,51,dgood2l@ox.ac.uk,Male,Programmer II,Finance,48487.07,11/13/2010
95,Vivyan,Aizikovich,56,vaizikovich2m@gmpg.org,Female,Teacher,Finance,57061.53,10/17/2010
96,Gerhardt,Gratrex,64,ggratrex2n@example.com,Male,Junior Executive,Sales,97560.03,1/30/2021
97,Currie,Cicci,28,ccicci2o@gizmodo.com,Male,Office Assistant II,IT,48911.05,5/21/2013
98,Freda,Edgerly,25,fedgerly2p@chicagotribune.com,Female,Senior Quality Engineer,Marketing,56069.11,11/11/2019
99,Maximilian,Habeshaw,56,mhabeshaw2q@pbs.org,Male,Financial Analyst,IT,31880.6,9/9/2016
100,Letti,Shimuk,18,lshimuk2r@google.com.br,Female,Sales Representative,Sales,75431.27,4/27/2013
101,Bette,Hallowes,62,bhallowes2s@earthlink.net,Female,Account Executive,HR,77387.64,7/23/2016
102,Grace,Yerrall,52,gyerrall2t@theguardian.com,Polygender,Graphic Designer,Finance,72014.82,10/10/2019
103,Rebekah,Saxon,33,rsaxon2u@cnet.com,Female,Biostatistician IV,HR,87180.97,11/1/2017
104,Thelma,Simon,53,tsimon2v@sbwire.com,Female,Mechanical Systems Engineer,Sales,81342.36,4/14/2015
105,Dana,Sweett,31,dsweett2w@hud.gov,Male,Operator,Finance,54403.91,10/4/2019
106,Townie,Baldack,51,tbaldack2x@illinois.edu,Polygender,Dental Hygienist,HR,94786.81,10/25/2013
107,Catlin,Jeanesson,46,cjeanesson2y@desdev.cn,Female,Media Manager I,IT,86706.45,2/12/2017
108,Lavena,Songist,28,lsongist2z@smh.com.au,Female,Automation Specialist II,IT,58739.54,5/9/2021
109,Boot,MacQuist,37,bmacquist30@ning.com,Male,Internal Auditor,HR,73793.42,1/25/2018
110,Laryssa,Brunotti,19,lbrunotti31@tmall.com,Female,Web Designer III,Finance,69860.24,5/21/2021
111,Gus,Stelle,43,gstelle32@pinterest.com,Female,Staff Accountant II,Marketing,36430.13,12/10/2014
112,Scott,Tuddenham,62,studdenham33@google.fr,Male,Clinical Specialist,IT,74836.4,2/28/2019
113,Bea,Verdy,31,bverdy34@sfgate.com,Female,Editor,HR,91775.32,7/12/2011
114,Conrad,Mayfield,49,cmayfield35@mayoclinic.com,Non-binary,Accountant IV,Finance,93691.2,10/31/2018
115,Renae,Rivalant,57,rrivalant36@gnu.org,Genderqueer,Legal Assistant,IT,30593.33,11/27/2021
116,Aeriela,Bergstrand,27,abergstrand37@netvibes.com,Female,Chemical Engineer,Marketing,50401.93,8/1/2012
117,Gael,Oblein,35,goblein38@vinaora.com,Female,Data Coordinator,Finance,83024.22,8/28/2019
118,Cointon,Sommersett,19,csommersett39@google.fr,Male,Automation Specialist II,Sales,89819.6,9/4/2015
119,Stern,Peto,65,speto3a@indiegogo.com,Male,Safety Technician IV,HR,68633.96,5/29/2017
120,Foss,Slimmon,38,fslimmon3b@prlog.org,Male,Senior Editor,Finance,66245.9,11/17/2017
121,Ulric,Ducarel,44,uducarel3c@prnewswire.com,Male,Physical Therapy Assistant,Finance,82367.63,10/3/2020
122,Minni,Flew,29,mflew3d@nytimes.com,Female,Assistant Media Planner,Marketing,97225.89,7/29/2011
123,Kessiah,Gronw,63,kgronw3e@vimeo.com,Female,Safety Technician II,HR,70429.21,2/21/2012
124,Brendon,Belson,63,bbelson3f@networkadvertising.org,Male,Data Coordinator,IT,58578.4,2/7/2013
125,Iorgos,Winkle,39,iwinkle3g@icq.com,Male,Statistician I,Sales,95152.76,1/3/2016
126,Donovan,Hutchason,26,dhutchason3h@marketwatch.com,Male,Senior Quality Engineer,IT,88916.8,10/27/2013
127,Fitzgerald,Ziemens,62,fziemens3i@vk.com,Male,Assistant Media Planner,Sales,90764.87,4/6/2016
128,Corliss,Keyson,28,ckeyson3j@hhs.gov,Female,Assistant Manager,Finance,98537.96,8/21/2011
129,Johann,Coyte,56,jcoyte3k@hhs.gov,Male,Executive Secretary,Finance,67945.75,9/22/2013
130,Claudina,Garrique,24,cgarrique3l@rakuten.co.jp,Female,Sales Associate,Sales,83273.73,4/26/2019
131,Vale,Drust,37,vdrust3m@google.de,Bigender,Registered Nurse,HR,96744.64,6/14/2021
132,Sheila-kathryn,Glaze,52,sglaze3n@epa.gov,Female,Design Engineer,Finance,35387.21,6/7/2013
133,Chrysa,Shucksmith,44,cshucksmith3o@intel.com,Female,Executive Secretary,Marketing,63608.12,5/19/2014
134,Randi,Burtonshaw,52,rburtonshaw3p@baidu.com,Bigender,VP Marketing,Finance,51937.52,12/21/2015
135,Thibaut,Reignard,27,treignard3q@ebay.co.uk,Male,Clinical Specialist,Sales,67002.15,5/8/2019
136,Vanda,Broseman,65,vbroseman3r@istockphoto.com,Bigender,Recruiter,HR,52198.07,2/23/2018
137,Gwendolin,Emps,20,gemps3s@nationalgeographic.com,Female,Food Chemist,Sales,68239.82,6/28/2010
138,Gabriella,Swetenham,43,gswetenham3t@cam.ac.uk,Female,VP Sales,IT,49685.19,3/11/2012
139,Carri,Murname,48,cmurname3u@usnews.com,Female,Engineer III,IT,56661.04,4/11/2015
140,Amelie,Latour,54,alatour3v@loc.gov,Genderqueer,Community Outreach Specialist,IT,81851.09,6/7/2010
141,Lauryn,Greatham,44,lgreatham3w@nps.gov,Bigender,Nurse,HR,53798.98,5/22/2014
142,Madonna,Mehaffey,19,mmehaffey3x@sciencedaily.com,Female,Speech Pathologist,Finance,32354.81,10/2/2020
143,Warner,Balharrie,41,wbalharrie3y@aol.com,Male,Geological Engineer,Marketing,83786.76,1/6/2017
144,Coral,Hargey,61,chargey3z@chronoengine.com,Female,Office Assistant III,Marketing,64573.94,1/4/2015
145,Weidar,MacGray,28,wmacgray40@seattletimes.com,Male,Senior Developer,IT,40747.66,7/25/2016
146,Turner,Ryal,25,tryal41@yahoo.com,Male,Analyst Programmer,HR,68825.83,6/7/2016
147,Robinia,Elsmere,56,relsmere42@indiatimes.com,Female,Project Manager,Sales,78948.07,9/7/2010
148,Lanni,Yeats,65,lyeats43@fastcompany.com,Female,Sales Representative,HR,39832.22,5/28/2011
149,Damon,Gepheart,57,dgepheart44@eventbrite.com,Male,Pharmacist,Marketing,77266.91,8/5/2012
150,Cordy,Lamprecht,39,clamprecht45@forbes.com,Female,Dental Hygienist,Finance,63060.71,9/8/2016
151,Gregorius,Kumaar,59,gkumaar46@edublogs.org,Male,Financial Advisor,Marketing,59327.58,7/1/2019
152,Rosita,Durgan,53,rdurgan47@dailymail.co.uk,Female,Analog Circuit Design manager,Marketing,88210.03,5/30/2017
153,Aubrey,Foynes,57,afoynes48@deviantart.com,Male,Internal Auditor,HR,82666.64,2/4/2010
154,Nolana,Isakov,43,nisakov49@dot.gov,Female,Research Nurse,Marketing,70656.84,6/11/2010
155,Penny,Pilger,49,ppilger4a@china.com.cn,Female,Environmental Tech,IT,77744.64,2/18/2013
156,Jacenta,Janauschek,35,jjanauschek4b@ehow.com,Bigender,Quality Engineer,IT,42583.32,4/11/2021
157,Rosco,Alabone,36,ralabone4c@bandcamp.com,Male,Automation Specialist I,IT,67855.74,8/30/2020
158,Loy,Vasyutkin,62,lvasyutkin4d@storify.com,Male,Sales Associate,Marketing,78489.64,9/25/2020
159,Aaren,Dablin,40,adablin4e@privacy.gov.au,Female,VP Accounting,Marketing,30053.47,9/14/2019
160,Bobette,Giddons,59,bgiddons4f@phpbb.com,Female,Budget/Accounting Analyst I,Finance,62483.8,7/10/2013
161,Nikolaus,Wandless,26,nwandless4g@merriam-webster.com,Male,Recruiting Manager,HR,32897.0,2/21/2019
162,Brenn,McKie,26,bmckie4h@oakley.com,Female,Data Coordinator,IT,39358.08,9/15/2013
163,Karylin,Horry,32,khorry4i@abc.net.au,Female,Associate Professor,Finance,51501.39,7/12/2020
164,Hunt,Walesa,48,hwalesa4j@yellowpages.com,Male,Senior Financial Analyst,IT,76493.99,7/14/2019
165,Zea,Ector,24,zector4k@pinterest.com,Female,Analyst Programmer,Sales,87509.42,6/22/2018
166,Cazzie,Giorgiutti,52,cgiorgiutti4l@github.io,Male,Editor,Sales,78641.83,3/20/2013
167,Haroun,Reven,32,hreven4m@youtu.be,Male,Staff Accountant III,Marketing,46972.44,4/2/2017
168,Gavin,Rutland,39,grutland4n@sphinn.com,Male,VP Sales,IT,42021.5,5/16/2018
169,Mack,Caldecot,54,mcaldecot4o@icq.com,Male,Actuary,Finance,98712.33,1/19/2019
170,Waylin,Gravenor,39,wgravenor4p@adobe.com,Male,Senior Quality Engineer,Finance,63087.37,10/25/2019
171,Friedrick,Cosans,43,fcosans4q@goo.ne.jp,Male,Human Resources Manager,Finance,68188.81,1/12/2013
172,Gray,Vise,54,gvise4r@harvard.edu,Male,Financial Advisor,Sales,50689.69,12/29/2015
173,Hieronymus,Fairy,47,hfairy4s@hugedomains.com,Male,VP Marketing,HR,97728.3,7/24/2020
174,Lorraine,McCoveney,51,lmccoveney4t@ox.ac.uk,Female,Desktop Support Technician,IT,69477.33,2/4/2017
175,Myrwyn,Moye,38,mmoye4u@deviantart.com,Male,Nuclear Power Engineer,HR,77864.91,11/28/2012
176,Milly,Cosgreave,60,mcosgreave4v@jigsy.com,Female,Quality Control Specialist,Sales,41315.81,11/28/2021
177,Sherrie,Luisetti,55,sluisetti4w@oakley.com,Female,Research Assistant II,Finance,59249.35,11/2/2017
178,Milissent,Keighly,63,mkeighly4x@vistaprint.com,Female,Social Worker,HR,81665.29,9/27/2017
179,Livia,McRannell,37,lmcrannell4y@squarespace.com,Female,Project Manager,IT,53326.05,4/29/2019
180,Arney,Bartleman,29,abartleman4z@ft.com,Male,Product Engineer,Sales,42357.72,6/1/2021
181,Ophelia,Roland,26,oroland50@redcross.org,Female,Structural Engineer,Marketing,49472.47,7/6/2012
182,Bea,Tewkesberrie,56,btewkesberrie51@shareasale.com,Female,Professor,Marketing,68177.44,1/2/2019
183,Jonah,Pinniger,18,jpinniger52@desdev.cn,Male,Community Outreach Specialist,HR,81649.26,6/7/2010
184,Datha,Goodhew,46,dgoodhew53@gnu.org,Female,Quality Engineer,HR,49573.5,3/9/2016
185,Isac,Pinnijar,40,ipinnijar54@blogtalkradio.com,Male,Environmental Tech,Marketing,67202.45,9/10/2011
186,Dedra,Balffye,45,dbalffye55@tamu.edu,Female,Staff Accountant III,Sales,84390.67,10/9/2010
187,Conney,Larvor,57,clarvor56@patch.com,Male,Database Administrator II,HR,86478.88,7/18/2017
188,Stephenie,Housego,54,shousego57@independent.co.uk,Genderfluid,Health Coach IV,Sales,75047.47,9/15/2018
189,Jaye,Origin,55,jorigin58@friendfeed.com,Male,Technical Writer,Sales,90746.82,6/30/2021
190,Heloise,Kezar,45,hkezar59@howstuffworks.com,Bigender,Financial Advisor,Sales,84995.86,12/25/2017
191,Minetta,MacRirie,34,mmacririe5a@ebay.co.uk,Female,Cost Accountant,HR,33772.88,8/29/2017
192,John,Whaplington,48,jwhaplington5b@rakuten.co.jp,Male,Physical Therapy Assistant,Marketing,31859.66,5/11/2014
193,Gideon,Clears,35,gclears5c@amazon.com,Male,Community Outreach Specialist,Finance,77831.94,5/20/2015
194,Ambrosius,Brocklehurst,26,abrocklehurst5d@boston.com,Male,VP Accounting,IT,40331.56,6/14/2010
195,Jacquelin,Bartocci,30,jbartocci5e@livejournal.com,Female,Junior Executive,Finance,84581.32,10/21/2011
196,Lane,Bentjens,41,lbentjens5f@issuu.com,Genderqueer,Assistant Professor,IT,50662.5,12/27/2012
197,Vernice,Gildersleeve,45,vgildersleeve5g@statcounter.com,Bigender,Nuclear Power Engineer,IT,58784.23,5/24/2018
198,Kenton,Aguirrezabala,56,kaguirrezabala5h@fastcompany.com,Male,Senior Quality Engineer,Marketing,30089.27,9/13/2013
199,Monica,Lamkin,55,mlamkin5i@symantec.com,Female,Operator,Sales,51490.97,4/2/2014
200,Skippy,Hadeke,59,shadeke5j@theguardian.com,Male,Technical Writer,Finance,52522.28,9/1/2010
